product_category,revenue,quantity,transactions,products,revenue_share_pct,aov
Coffee,269952.45,89250,58416,21,38.63017843431583,4.621207374691865
Tea,196405.95,69737,45449,16,28.105678959614234,4.321458117890383
Bakery,82315.64,23214,22796,11,11.779362851253639,3.6109685909808737
Drinking Chocolate,72416.0,17457,11468,4,10.362724996566673,6.314614579700035
Coffee beans,40085.25,1828,1753,10,5.736196726809328,22.866657159155732
Branded,13607.0,776,747,3,1.947160835012742,18.215528781793843
Loose Tea,11213.599999999999,1210,1210,8,1.6046654471594681,9.267438016528924
Flavours,8408.800000000001,10511,6790,4,1.2032987454585984,1.2384094256259206
Packaged Chocolate,4407.64,487,487,3,0.6307330038094777,9.050595482546202
